Приложение,Параллельность,Глубина,Запросы_всего,Запросы_успешные,Запросы_неудачные,Запросы_несовпадения,Первый_запрос_мс,Первая_пачка_мс,RPS,Среднее_время_мс,Мин_время_мс,Макс_время_мс,Медиана_мс,P90_мс,P95_мс,P99_мс,Тест_длительность_с,Среднее_CPU,Макс_CPU,Средняя_память_МБ,Макс_память_МБ,Время_запуска_с
java-fixedThreads24,32,1,44535,44535,0,0,106,108,22219.88,1,0,108,1,2,3,5,2.00,1071.90,1419.00,1225.00,1543.28,2.25
java-fixedThreads24,32,16,2288,2288,0,0,186,206,1140.18,28,5,206,26,42,55,196,2.01,1089.90,1491.00,1498.11,2394.15,2.26
java-fixedThreads24,32,32,905,905,0,0,326,359,449.21,71,12,359,72,115,148,346,2.01,1058.90,1460.00,1408.61,2405.71,2.28
java-fixedThreads24,32,64,491,491,0,0,562,597,238.98,132,50,597,89,183,581,593,2.05,1011.40,1412.00,1953.32,2915.90,2.27
java-fixedThreads24,32,128,160,160,0,0,985,1009,72.74,428,166,1009,316,999,1002,1006,2.20,898.70,1295.00,2203.23,4179.77,2.28
java-fixedThreads24,64,1,41590,41590,0,0,97,103,20746.23,3,0,109,2,5,6,10,2.00,1086.30,1471.00,1178.43,1313.78,2.27
java-fixedThreads24,64,16,2074,2074,0,0,282,314,1032.41,61,10,314,53,78,115,304,2.01,1081.60,1530.00,1589.26,2417.07,2.28
java-fixedThreads24,64,32,1058,1058,0,0,512,543,518.54,122,31,543,91,205,528,541,2.04,1022.10,1441.00,1958.77,3423.27,2.28
java-fixedThreads24,64,64,423,423,0,0,816,893,202.03,309,38,893,217,824,829,838,2.09,1016.10,1401.00,2164.62,3400.30,2.28
java-fixedThreads24,64,128,130,130,0,0,1549,1648,57.05,1070,298,1648,622,1642,1642,1646,2.28,1051.36,1516.00,2717.96,5040.81,2.28
java-fixedThreads24,128,1,45721,45721,0,0,94,111,22793.29,5,0,120,4,10,13,21,2.01,1124.50,1497.00,1187.03,1310.89,2.26
java-fixedThreads24,128,16,2099,2099,0,0,335,475,1016.25,123,47,514,102,166,345,465,2.07,1074.10,1531.00,1676.14,2958.05,2.27
java-fixedThreads24,128,32,1085,1085,0,0,510,884,517.01,240,23,957,171,629,739,837,2.10,1072.70,1488.00,2169.75,3091.54,2.28
java-fixedThreads24,128,64,405,405,0,0,928,1218,174.49,683,31,1289,590,1060,1078,1228,2.32,1058.27,1408.00,2811.60,4820.13,2.26
java-fixedThreads24,128,128,238,238,0,0,1753,2297,80.60,1454,572,2296,1778,1904,2247,2282,2.95,1119.79,1548.00,4049.44,7802.59,2.28
java-fixedThreads24,256,1,42208,42208,0,0,115,146,20996.47,12,0,204,9,19,25,44,2.01,1123.60,1532.00,1381.65,1807.16,2.28
java-fixedThreads24,256,16,2448,2448,0,0,437,716,1147.53,213,38,922,174,456,585,742,2.13,1071.70,1499.00,2245.84,3784.24,2.29
java-fixedThreads24,256,32,959,959,0,0,733,1283,423.72,573,150,1368,492,978,1065,1238,2.26,1072.91,1495.00,2684.30,4801.93,2.28
java-fixedThreads24,256,64,295,295,0,0,1438,2670,107.93,2136,686,2699,2429,2605,2655,2669,2.73,1107.23,1626.00,3085.76,4850.00,2.27
java-fixedThreads24,512,1,37870,37870,0,0,149,203,18781.10,27,2,229,19,52,75,161,2.02,1118.70,1543.00,1574.25,2302.26,2.27
java-fixedThreads24,512,16,2231,2231,5,0,588,1130,976.08,482,13,1600,417,927,1062,1268,2.29,1022.55,1442.00,2638.79,4481.29,2.28
java-fixedThreads24,512,32,997,997,1,0,999,2042,387.53,1188,66,2342,1228,1649,1961,2198,2.58,1105.50,1502.00,3105.61,5049.46,2.27
java-fixedThreads24,1024,1,39221,39221,0,0,177,300,19376.77,52,1,536,35,111,165,264,2.02,1106.60,1531.00,1613.96,2233.40,2.27
java-fixedThreads24,1024,16,2418,2418,0,0,511,1736,946.39,973,202,2493,923,1657,1919,2215,2.55,1185.08,1627.00,3368.53,6162.71,2.26
java-fixedThreads24,1024,32,1241,1241,0,0,1288,3030,374.79,2191,287,3302,2234,2995,3076,3273,3.31,1108.75,1608.00,4301.98,8140.26,2.28
java-fixedThreads24,2048,1,34616,34616,0,0,240,455,16933.75,119,1,987,96,254,323,626,2.04,1055.20,1489.00,1891.96,3156.50,2.29
java-fixedThreads24,2048,16,2758,2758,0,0,941,3235,788.27,2207,203,3495,2007,3311,3391,3456,3.50,1258.18,1690.00,4585.63,7859.46,2.30
java-fixedThreads24,4096,1,27210,27210,0,0,371,805,12876.78,309,3,2012,221,756,1231,1599,2.11,970.60,1404.00,1972.07,3105.66,2.30
java-fixedThreads24,4096,16,4541,4541,27,0,687,6280,704.52,4381,158,6479,4763,6279,6369,6452,6.48,1650.56,2190.00,5985.45,8525.15,2.30
java-fixedThreads24,8192,1,33795,33795,0,0,545,1136,12876.16,546,1,2598,255,1553,1888,2336,2.62,1106.54,1455.00,3010.16,4362.84,2.30
java-fixedThreads24,8192,16,8207,1572,6668,0,1020,7005,179.01,5006,252,7757,5275,6634,6787,6896,7.01,1715.40,2322.00,6441.47,9133.99,2.32
java-fixedThreads24,16384,1,36806,36806,6,0,819,1852,11942.36,1064,4,3054,841,2527,2639,2860,3.08,1171.07,1576.00,3686.42,5803.85,2.29
java-fixedThreads24,16384,16,13454,3887,9704,0,1882,17012,310.88,8537,1861,17931,8290,13758,15410,16727,17.01,2194.04,2685.00,8008.08,13019.15,2.38
java-fixedThreads24,32768,1,32768,32768,0,0,2568,5460,5964.60,3889,2527,5458,3851,5059,5234,5349,5.49,1574.65,2056.00,3948.34,6408.55,2.28
go-stdlib,32,1,253163,253163,0,0,7,37,125378.58,0,0,40,0,0,0,1,2.02,587.60,840.00,45.46,47.27,1.20
go-stdlib,32,16,25318,25318,0,0,144,145,12638.30,2,1,145,2,3,4,5,2.00,769.60,1098.00,185.66,185.69,1.20
go-stdlib,32,32,11611,11611,0,0,275,278,5793.89,5,2,278,4,7,8,9,2.00,840.40,1214.00,320.27,341.43,1.19
go-stdlib,32,64,4384,4384,0,0,443,455,2179.27,14,7,454,10,16,17,19,2.01,953.20,1369.00,574.61,658.93,1.20
go-stdlib,32,128,1236,1236,0,0,815,825,611.20,52,21,825,29,39,42,822,2.02,1014.30,1469.00,951.95,1299.42,1.20
go-stdlib,64,1,311000,311000,0,0,17,42,153550.20,0,0,42,0,0,1,2,2.03,673.20,967.00,54.56,55.20,1.19
go-stdlib,64,16,24023,24023,0,0,130,134,11987.28,5,1,135,4,7,9,15,2.00,636.80,998.00,309.38,316.04,1.20
go-stdlib,64,32,11926,11926,0,0,132,142,5923.97,10,3,141,9,15,16,19,2.01,766.10,1149.00,563.82,573.26,1.19
go-stdlib,64,64,4384,4384,0,0,274,287,2175.93,29,13,287,23,35,38,280,2.01,766.79,1210.00,1007.92,1091.64,1.19
go-stdlib,64,128,1456,1456,0,0,439,475,712.67,89,41,474,70,93,109,470,2.04,734.98,1187.00,1955.28,2215.55,1.18
go-stdlib,128,1,325186,325186,0,0,40,66,160617.74,0,0,67,0,1,2,3,2.02,668.20,969.00,67.15,69.39,1.18
go-stdlib,128,16,22686,22686,0,0,186,202,11304.81,11,1,202,9,16,18,38,2.01,656.88,999.00,534.61,569.66,1.18
go-stdlib,128,32,10102,10102,0,0,227,249,5013.75,25,6,250,21,33,37,237,2.01,701.40,1076.00,1014.09,1107.98,1.18
go-stdlib,128,64,3790,3790,0,0,322,380,1861.11,68,29,380,55,80,86,368,2.04,710.31,1115.00,1750.83,1980.11,1.18
go-stdlib,128,128,1223,1223,0,0,572,681,581.20,215,96,680,170,609,659,672,2.10,679.52,1090.00,3426.18,4219.45,1.18
go-stdlib,256,1,349308,349308,0,0,93,94,172301.96,1,0,98,0,3,4,6,2.03,669.80,999.00,108.20,109.29,1.18
go-stdlib,256,16,20637,20637,0,0,252,273,10184.23,24,2,282,20,33,39,258,2.03,627.19,974.00,974.44,1111.78,1.18
go-stdlib,256,32,7894,7894,0,0,348,408,3877.44,65,22,411,52,76,86,396,2.04,611.05,966.00,1900.77,2196.26,1.18
go-stdlib,256,64,3087,3087,0,0,500,681,1480.59,170,61,684,131,185,590,620,2.08,648.11,1046.00,2867.86,3587.25,1.18
go-stdlib,256,128,927,927,0,0,859,1230,413.83,588,230,1229,409,1191,1201,1216,2.24,643.39,1024.00,5246.96,8064.46,1.18
go-stdlib,512,1,338782,338782,0,0,99,131,166007.47,3,0,142,1,7,9,15,2.04,651.10,972.00,203.06,205.52,1.18
go-stdlib,512,16,19256,19256,1,0,293,351,9481.52,53,4,368,45,70,81,333,2.03,641.40,990.00,1526.12,1854.71,1.18
go-stdlib,512,32,6453,6453,0,0,487,654,3102.03,162,46,680,123,182,605,636,2.08,591.41,921.00,2961.45,3773.91,1.18
go-stdlib,512,64,2092,2092,0,0,897,1205,943.93,523,163,1208,357,1146,1164,1184,2.22,603.99,912.00,4761.69,6679.18,1.18
go-stdlib,512,128,512,512,0,0,4652,5939,86.19,5825,4649,5939,5873,5928,5933,5936,5.94,1518.43,2183.00,7304.78,11181.16,1.18
go-stdlib,1024,1,334518,334518,0,0,127,150,164790.73,6,0,179,1,14,20,36,2.03,643.60,968.00,359.73,371.50,1.19
go-stdlib,1024,16,13300,13300,0,0,482,623,6395.07,157,20,668,123,192,561,603,2.08,557.22,841.00,3008.16,3807.21,1.19
go-stdlib,1024,32,4346,4346,1,0,870,1165,1973.42,499,137,1181,357,1086,1114,1145,2.20,565.07,827.00,4585.90,6423.84,1.19
go-stdlib,1024,64,1024,1024,1,0,4591,5668,180.79,5525,4590,5667,5594,5657,5661,5665,5.67,1513.75,2186.00,7144.36,11136.30,1.19
go-stdlib,2048,1,292753,292753,2,0,166,196,144313.54,13,0,286,13,31,44,84,2.03,590.02,910.00,674.38,739.36,1.19
go-stdlib,2048,16,9027,9027,0,0,760,1183,4085.89,481,106,1243,334,1089,1122,1167,2.21,567.51,766.00,4616.89,6657.73,1.19
go-stdlib,2048,32,2048,2048,0,0,4814,5383,380.27,5248,4811,5382,5286,5369,5376,5381,5.39,1452.58,2153.00,6617.45,10083.07,1.19
go-stdlib,4096,1,258577,258577,0,0,256,293,126938.11,31,0,493,29,73,97,289,2.04,584.16,895.00,1157.91,1401.54,1.19
go-stdlib,4096,16,4096,4096,25,0,4709,5891,698.91,5753,4703,5890,5800,5878,5884,5888,5.90,1567.98,2237.00,6717.32,10211.10,1.20
go-stdlib,8192,1,209185,209185,0,0,233,449,101207.22,78,0,674,59,173,234,439,2.07,555.79,856.00,2005.64,2512.91,1.20
go-stdlib,8192,16,90,90,28,0,7688,7008,3.99,0,7679,12217,0,0,0,0,7.01,1701.64,2425.00,6783.00,9451.42,1.21
go-stdlib,16384,1,163694,163694,0,0,265,742,76729.55,203,0,1355,125,531,709,909,2.13,617.89,888.00,3207.62,4132.21,1.17
go-stdlib,16384,16,5265,5265,141,0,6423,17013,160.93,12359,6389,22307,13474,15774,15957,16188,17.01,2237.23,2792.00,7147.15,8639.97,1.23
go-stdlib,32768,1,33177,33177,0,0,290,4779,6883.63,4307,161,4712,4531,4626,4633,4702,4.82,1495.28,2138.00,2418.15,5304.45,1.18
java-virtualThreads,32,1,15442,15442,0,0,89,90,7702.79,4,0,90,2,9,11,16,2.00,958.00,1338.00,1127.48,1288.26,2.68
java-virtualThreads,32,16,483,483,0,0,225,257,233.95,134,37,265,129,198,235,252,2.06,945.90,1369.00,1024.49,1224.05,2.70
java-virtualThreads,32,32,227,227,0,0,427,480,105.32,287,134,479,270,453,463,474,2.16,921.90,1349.00,1072.34,1432.32,2.70
java-virtualThreads,32,64,487,487,0,0,564,590,238.94,131,36,590,93,214,570,585,2.04,861.20,1228.00,1872.50,2758.77,2.65
java-virtualThreads,32,128,89,89,0,0,957,1509,23.84,984,65,2213,1102,1799,2005,2213,3.73,763.72,924.00,1880.63,2328.82,2.66
java-virtualThreads,64,1,45312,45312,0,0,119,125,22588.92,2,0,126,2,5,6,10,2.01,907.90,1246.00,1220.08,1560.65,2.67
java-virtualThreads,64,16,1921,1921,0,0,276,303,940.03,67,33,303,52,94,129,298,2.04,908.30,1325.00,1521.75,2613.19,2.67
java-virtualThreads,64,32,617,617,0,0,513,568,291.46,215,104,568,163,519,547,565,2.12,887.50,1312.00,1586.45,2200.62,2.66
java-virtualThreads,64,64,385,385,0,0,802,888,180.60,344,112,887,247,835,840,844,2.13,856.60,1231.00,2202.90,3395.84,2.65
java-virtualThreads,64,128,121,121,0,0,1363,2145,35.11,1249,50,2774,1514,2168,2358,2574,3.45,882.71,1107.00,3500.73,4896.01,2.67
java-virtualThreads,128,1,44683,44683,0,0,103,116,22273.95,5,0,132,4,10,13,20,2.01,949.70,1305.00,1181.79,1317.91,2.66
java-virtualThreads,128,16,1959,1959,0,0,379,533,940.65,133,49,562,110,162,411,485,2.08,903.70,1330.00,1565.01,2651.03,2.64
java-virtualThreads,128,32,1031,1031,0,0,628,799,489.63,254,28,817,193,682,703,777,2.11,886.90,1271.00,2364.81,4321.20,2.66
java-virtualThreads,128,64,402,402,0,0,1015,1262,181.87,674,50,1361,617,1101,1118,1260,2.21,884.82,1250.00,2789.39,4541.30,2.66
java-virtualThreads,128,128,145,145,0,0,1878,3236,35.02,2324,64,3667,2421,3027,3258,3666,4.14,974.55,1246.00,4035.41,5173.09,2.64
java-virtualThreads,256,1,42900,42900,0,0,142,162,21359.15,11,0,178,8,20,26,50,2.01,945.10,1311.00,1390.14,1855.08,2.65
java-virtualThreads,256,16,2188,2188,0,0,418,724,1038.50,238,46,858,197,484,563,658,2.11,888.80,1289.00,2353.29,4397.32,2.64
java-virtualThreads,256,32,954,954,0,0,667,1275,420.48,567,29,1381,517,1011,1030,1237,2.27,901.09,1251.00,2781.83,4452.44,2.64
java-virtualThreads,256,64,501,501,0,0,1227,2126,174.14,1306,546,2124,1373,1825,1903,2012,2.88,1035.36,1460.00,3809.22,6989.79,2.64
java-virtualThreads,512,1,44023,44023,0,0,146,190,21837.86,23,1,213,17,43,57,149,2.02,987.10,1365.00,1657.68,2257.95,2.63
java-virtualThreads,512,16,2107,2107,0,0,546,1173,915.83,516,38,1956,479,1082,1172,1448,2.30,946.64,1345.00,2499.58,4217.16,2.66
java-virtualThreads,512,32,992,992,0,0,1065,2021,402.58,1161,32,2233,1146,1997,2041,2145,2.46,922.83,1340.00,3187.32,5554.62,2.65
java-virtualThreads,1024,1,41399,41399,9,0,226,351,20452.93,49,1,535,35,99,131,316,2.02,927.20,1316.00,1793.37,2801.49,2.66
java-virtualThreads,1024,16,2371,2371,1,0,670,1827,946.27,982,152,2374,893,1676,1879,2204,2.51,949.33,1384.00,3261.16,5306.29,2.66
java-virtualThreads,1024,32,1401,1401,1,0,1015,3001,406.27,2095,562,3444,1933,3171,3226,3367,3.45,1118.41,1592.00,4860.73,7380.56,2.66
java-virtualThreads,2048,1,36924,36924,1,0,193,426,17798.43,112,2,945,90,208,281,658,2.07,960.20,1360.00,1999.60,2988.99,2.65
java-virtualThreads,2048,16,2842,2842,8,0,943,2909,819.86,2067,144,3458,1877,3096,3373,3444,3.48,1132.24,1606.00,4801.85,7421.02,2.65
java-virtualThreads,4096,1,30079,30079,0,0,298,704,13950.46,278,2,2020,192,571,1044,1516,2.16,936.00,1325.00,2134.34,3109.36,2.65
java-virtualThreads,4096,16,4348,4348,33,0,1246,6321,673.94,4628,253,6493,4996,6238,6357,6477,6.50,1522.31,2091.00,6163.75,8678.77,2.66
java-virtualThreads,8192,1,33185,33185,1,0,482,1123,13383.54,546,0,2464,238,1783,2039,2157,2.48,966.83,1334.00,2855.83,3879.42,2.67
java-virtualThreads,8192,16,8206,1309,6952,0,1128,7005,128.61,5673,1112,8218,5938,6783,6832,6959,7.01,1549.51,2181.00,6194.84,9114.52,2.72
java-virtualThreads,16384,1,35932,35932,3,0,761,1844,11561.69,1127,13,3070,984,2427,2547,2657,3.11,1036.67,1468.00,4254.08,6309.25,2.66
java-virtualThreads,16384,16,12893,4548,8420,0,1822,18065,299.42,10620,530,19451,10975,15576,16905,17545,18.07,2011.43,2529.00,8652.73,12097.61,2.77
java-virtualThreads,32768,1,32768,32768,0,0,4246,7043,4629.25,5339,4199,7003,5029,6613,6883,6982,7.08,1479.43,2032.00,4541.82,9065.84,2.67
go-stdlib-maxprocs1,32,1,241128,241128,0,0,14,39,119452.32,0,0,41,0,0,0,1,2.02,517.10,754.00,39.51,41.44,1.40
go-stdlib-maxprocs1,32,16,25857,25857,0,0,166,169,12908.55,2,1,168,1,4,4,5,2.00,683.80,1003.00,180.50,183.12,1.40
go-stdlib-maxprocs1,32,32,11365,11365,0,0,279,283,5297.82,5,2,283,4,7,8,13,2.15,712.30,1059.00,314.27,338.27,1.40
go-stdlib-maxprocs1,32,64,4208,4208,0,0,448,453,2067.71,15,7,453,10,17,17,51,2.04,826.60,1196.00,565.47,642.41,1.40
go-stdlib-maxprocs1,32,128,32,32,0,0,2756,6250,5.12,4144,2756,6250,4006,5249,6065,6250,6.25,50.40,100.00,791.64,820.57,1.37
go-stdlib-maxprocs1,64,1,288641,288641,0,0,22,49,142586.33,0,0,49,0,0,1,1,2.02,586.90,862.00,44.11,45.28,1.37
go-stdlib-maxprocs1,64,16,25277,25277,0,0,128,132,12611.62,5,1,132,4,7,8,10,2.00,627.60,954.00,280.68,285.61,1.38
go-stdlib-maxprocs1,64,32,11435,11435,0,0,166,175,5696.09,11,4,175,9,15,16,19,2.01,666.80,1020.00,531.73,552.48,1.36
go-stdlib-maxprocs1,64,64,4348,4348,0,0,238,262,2129.90,29,14,261,23,37,41,256,2.04,702.40,1101.00,1078.18,1134.90,1.36
go-stdlib-maxprocs1,64,128,64,64,0,0,2468,6222,10.29,4280,2468,6220,4348,5172,5369,6220,6.22,103.05,181.00,1460.45,1493.09,1.36
go-stdlib-maxprocs1,128,1,324664,324664,0,0,31,55,160279.63,0,0,59,0,1,2,3,2.03,624.00,895.00,60.68,65.50,1.37
go-stdlib-maxprocs1,128,16,23954,23954,0,0,154,169,11933.61,10,1,174,9,15,17,21,2.01,623.40,953.00,501.15,522.81,1.36
go-stdlib-maxprocs1,128,32,10004,10004,0,0,233,253,4957.77,25,7,253,21,33,37,239,2.02,624.94,971.00,1022.54,1100.00,1.33
go-stdlib-maxprocs1,128,64,3632,3632,0,0,340,383,1737.32,71,24,381,58,84,94,372,2.09,628.97,990.00,1921.81,2220.83,1.37
go-stdlib-maxprocs1,128,128,128,128,0,0,2930,7000,18.14,4857,2928,7280,4792,5841,6229,6445,7.00,190.32,331.00,2871.19,3023.79,1.37
go-stdlib-maxprocs1,256,1,329040,329040,0,0,33,75,162431.59,1,0,85,0,3,4,7,2.03,571.10,870.00,115.77,118.04,1.37
go-stdlib-maxprocs1,256,16,21667,21667,0,0,209,237,10758.10,23,2,242,20,32,36,218,2.01,609.48,945.00,935.12,1007.19,1.34
go-stdlib-maxprocs1,256,32,8584,8584,0,0,315,390,4188.12,60,18,391,49,72,81,376,2.05,589.65,935.00,1781.58,2066.08,1.36
go-stdlib-maxprocs1,256,64,2699,2699,0,0,512,718,1293.08,194,73,720,148,228,680,702,2.09,555.66,898.00,3142.82,3929.57,1.36
go-stdlib-maxprocs1,256,128,256,256,0,0,2850,6862,37.30,5103,2847,6860,5188,6036,6246,6654,6.86,338.11,514.00,5405.22,5819.29,1.36
go-stdlib-maxprocs1,512,1,357036,357036,0,0,82,108,175995.21,2,0,116,1,6,9,15,2.03,621.60,922.00,177.32,180.95,1.37
go-stdlib-maxprocs1,512,16,18825,18825,0,0,259,339,9183.27,55,5,362,46,74,87,323,2.05,581.30,897.00,1513.67,1840.06,1.36
go-stdlib-maxprocs1,512,32,6681,6681,0,0,477,614,3216.89,156,54,649,123,177,554,596,2.08,547.77,870.00,2847.58,3516.30,1.37
go-stdlib-maxprocs1,512,64,2100,2100,0,0,852,1160,942.43,519,163,1158,362,1098,1120,1138,2.23,536.64,805.00,5015.93,6790.92,1.37
go-stdlib-maxprocs1,512,128,3,3,0,0,7884,7009,0.14,0,7881,8091,0,0,0,0,7.01,1485.66,2080.00,8037.64,11768.67,1.36
go-stdlib-maxprocs1,1024,1,332588,332588,0,0,134,161,164025.77,6,0,189,1,14,20,33,2.03,589.00,897.00,381.60,391.67,1.34
go-stdlib-maxprocs1,1024,16,13377,13377,0,0,462,669,6443.67,156,12,721,119,185,604,656,2.08,515.70,810.00,2715.64,3483.04,1.37
go-stdlib-maxprocs1,1024,32,4264,4264,0,0,847,1178,1932.67,509,126,1212,364,1093,1119,1153,2.21,507.74,748.00,4677.12,6402.46,1.35
go-stdlib-maxprocs1,1024,64,1024,1024,0,0,3450,5267,194.35,5130,3448,5266,5188,5255,5260,5263,5.27,1348.37,2007.00,6962.18,10703.70,1.35
go-stdlib-maxprocs1,2048,1,299367,299367,1,0,178,212,147133.08,13,0,362,9,33,44,85,2.03,518.69,838.00,648.29,702.69,1.37
go-stdlib-maxprocs1,2048,16,6765,6765,0,0,1076,1478,3059.74,640,86,1495,367,1391,1414,1445,2.21,551.00,752.00,4648.74,6669.63,1.38
go-stdlib-maxprocs1,2048,32,2048,2048,3,0,5638,6163,332.66,6069,5634,6162,6098,6153,6156,6160,6.17,1482.04,2158.00,7224.13,10916.38,1.37
go-stdlib-maxprocs1,4096,1,258035,258035,0,0,225,302,126626.09,31,0,465,29,72,92,282,2.04,530.31,815.00,1221.57,1436.30,1.37
go-stdlib-maxprocs1,4096,16,4096,4096,23,0,5411,6132,670.96,5997,5391,6131,6027,6114,6124,6129,6.14,1491.08,2164.00,6833.37,10374.42,1.35
go-stdlib-maxprocs1,8192,1,202443,202443,0,0,291,448,98035.48,81,0,791,61,182,260,452,2.06,513.44,785.00,2045.77,2496.80,1.37
go-stdlib-maxprocs1,8192,16,511,511,20,0,7792,7006,2.85,0,7772,12539,0,0,0,0,7.01,1510.85,2601.00,6534.91,9634.29,1.37
go-stdlib-maxprocs1,16384,1,153704,153704,0,0,82,818,72051.65,215,0,1382,150,516,711,911,2.13,530.40,805.00,3074.61,4200.22,1.34
go-stdlib-maxprocs1,16384,16,10501,10501,134,0,6181,17021,495.26,12610,6159,22143,12216,15479,15962,16830,17.02,2190.87,2839.00,7276.35,9136.07,1.42
go-stdlib-maxprocs1,32768,1,33629,33629,0,0,37,3927,8467.67,3548,3,3915,3734,3855,3867,3879,3.97,1333.59,1933.00,2017.28,4526.81,1.34
java-fixedThreads1024,32,1,14898,14898,0,0,99,101,7159.10,4,0,209,2,9,12,16,2.08,861.10,1207.00,1098.88,1287.32,3.09
java-fixedThreads1024,32,16,474,474,0,0,199,264,225.85,138,38,262,135,184,213,239,2.10,1258.40,1721.00,996.44,1332.32,1.62
java-fixedThreads1024,32,32,220,220,0,0,489,520,99.55,313,119,520,297,499,504,513,2.21,848.73,1247.00,1075.17,1447.66,3.07
java-fixedThreads1024,32,64,190,190,0,0,552,695,80.86,364,11,1405,315,784,863,1280,2.35,920.45,1048.00,1272.86,1630.36,1.59
java-fixedThreads1024,32,128,116,116,0,0,979,1093,40.41,632,166,1243,580,993,1034,1197,2.87,1173.07,1462.00,2591.50,3590.62,1.58
java-fixedThreads1024,64,1,44215,44215,0,0,118,121,22046.89,2,0,209,2,4,6,11,2.01,891.60,1223.00,1190.30,1544.32,3.01
java-fixedThreads1024,64,16,1851,1851,0,0,280,323,910.47,69,29,320,57,97,138,304,2.03,1229.80,1658.00,1637.32,2419.14,1.59
java-fixedThreads1024,64,32,1091,1091,0,0,501,541,534.64,118,34,540,95,180,508,535,2.04,1169.50,1566.00,2007.90,2964.52,1.59
java-fixedThreads1024,64,64,297,297,0,0,969,1208,113.80,485,92,1384,321,988,993,1208,2.61,741.77,1000.00,2543.97,4017.40,3.02
java-fixedThreads1024,64,128,128,128,0,0,1542,1635,46.30,1150,422,1632,1144,1623,1625,1628,2.76,1254.31,1613.00,2929.61,4658.82,1.59
java-fixedThreads1024,128,1,44400,44400,0,0,107,120,22146.05,5,0,209,4,10,13,20,2.00,825.00,1143.00,1197.27,1316.94,3.05
java-fixedThreads1024,128,16,2515,2515,0,0,357,522,1229.48,102,22,587,83,140,232,442,2.05,1161.00,1530.00,1956.56,2819.37,1.59
java-fixedThreads1024,128,32,687,687,0,0,590,856,314.07,392,77,856,330,673,727,815,2.19,1179.30,1605.00,2097.89,2790.83,1.61
java-fixedThreads1024,128,64,378,378,0,0,1077,1541,117.11,760,185,1706,643,1157,1345,1544,3.23,930.12,1212.00,3588.61,5031.66,3.02
java-fixedThreads1024,128,128,128,128,0,0,2056,3509,36.47,2259,2053,3506,2125,2891,3100,3299,3.51,1000.12,1293.00,3765.33,5133.34,3.02
java-fixedThreads1024,256,1,38362,38362,0,0,122,145,19098.90,13,0,148,10,22,31,53,2.01,1240.70,1581.00,1418.95,1762.70,1.59
java-fixedThreads1024,256,16,2252,2252,0,0,367,737,1059.64,232,18,1055,196,497,615,741,2.13,818.90,1171.00,2134.33,2712.74,3.00
java-fixedThreads1024,256,32,961,961,0,0,756,1208,420.80,565,18,1646,522,991,1026,1213,2.28,876.82,1218.00,2695.11,4022.07,3.05
java-fixedThreads1024,256,64,476,476,0,0,1452,2257,126.56,1380,410,2401,1611,1881,2153,2261,3.76,992.72,1308.00,4389.11,6596.23,3.02
java-fixedThreads1024,512,1,37554,37554,0,0,166,224,18661.06,27,0,283,19,48,73,177,2.01,1275.20,1660.00,1596.65,2146.83,1.58
java-fixedThreads1024,512,16,2371,2371,1,0,451,1038,1037.14,458,12,1922,378,947,1064,1178,2.29,1232.82,1591.00,2685.38,4187.86,1.59
java-fixedThreads1024,512,32,1077,1077,0,0,869,1882,428.60,1075,62,2114,1036,1591,1776,1978,2.51,853.50,1220.00,3304.57,5151.71,3.04
java-fixedThreads1024,512,64,574,574,0,0,1582,3481,138.45,2493,1043,4028,2484,3148,3479,3893,4.15,1180.40,1543.00,5707.10,8390.04,2.99
java-fixedThreads1024,1024,1,35726,35726,0,0,221,336,17613.22,57,1,489,45,111,164,290,2.03,858.80,1203.00,1687.37,2461.03,3.03
java-fixedThreads1024,1024,16,2420,2420,1,0,673,1699,945.72,974,103,2508,933,1683,2068,2454,2.56,908.83,1294.00,3463.47,5919.33,3.00
java-fixedThreads1024,1024,32,1338,1338,1,0,1152,3133,389.42,2122,566,3433,2117,3136,3225,3406,3.44,1461.71,1874.00,4995.82,7404.59,1.61
java-fixedThreads1024,2048,1,34314,34314,4,0,227,437,16558.19,120,2,937,86,239,345,695,2.07,949.30,1325.00,2058.52,3554.91,3.01
java-fixedThreads1024,2048,16,2821,2821,0,0,716,3126,792.99,2142,105,3537,1965,3108,3191,3514,3.56,1190.76,1660.00,4621.36,7509.83,2.96
java-fixedThreads1024,4096,1,32330,32330,1,0,321,734,13101.99,263,2,2120,129,727,1139,1462,2.47,859.92,1164.00,2381.12,2956.17,3.03
java-fixedThreads1024,4096,16,4198,4198,23,0,1470,6918,606.04,5015,578,6959,5531,6744,6849,6940,6.96,1763.62,2263.00,6781.23,11499.10,1.62
java-fixedThreads1024,8192,1,32275,32275,0,0,471,1154,12807.89,548,1,2510,248,1668,1859,2360,2.52,1213.67,1567.00,3121.96,4448.17,1.60
java-fixedThreads1024,8192,16,8203,1421,6827,0,1459,7006,106.05,5283,1447,8465,6151,6800,6901,6982,7.01,1574.54,2195.00,6332.73,9336.45,3.05
java-fixedThreads1024,16384,1,36593,36593,3,0,803,1838,12044.81,1083,5,2959,946,2406,2859,2939,3.04,1333.07,1691.00,4415.51,7087.44,1.59
java-fixedThreads1024,16384,16,14979,4276,10816,0,1872,17012,291.13,12819,1838,18660,13156,16145,16373,16920,17.01,2253.29,2722.00,9036.90,13243.15,1.65
java-fixedThreads1024,32768,1,32768,32768,0,0,2745,5836,5582.54,4445,2704,5812,4178,5571,5688,5773,5.87,1613.57,2116.00,4349.09,6875.10,1.61
graalvm-native-virtualThreads,32,1,31887,31887,0,0,27,28,15887.13,2,0,209,0,5,6,7,2.01,903.60,1325.00,608.88,943.67,1.52
graalvm-native-virtualThreads,32,16,898,898,0,0,96,117,435.24,72,11,117,81,91,94,116,2.06,1012.50,1531.00,425.12,555.55,1.50
graalvm-native-virtualThreads,32,32,416,416,0,0,132,134,196.67,160,65,221,167,200,206,218,2.12,1007.30,1522.00,985.66,1336.16,1.51
graalvm-native-virtualThreads,32,64,183,183,0,0,191,494,64.79,405,13,1055,431,840,847,1054,2.82,166.29,182.00,1015.14,1119.50,1.49
graalvm-native-virtualThreads,32,128,177,177,0,0,318,495,67.74,408,32,1190,347,681,858,1118,2.61,408.38,479.00,2887.60,3912.01,1.49
graalvm-native-virtualThreads,64,1,87374,87374,0,0,36,37,43512.72,1,0,206,1,2,2,6,2.01,796.20,1143.00,1268.42,1828.57,1.49
graalvm-native-virtualThreads,64,16,4195,4195,0,0,119,126,2073.65,30,11,213,21,48,61,171,2.02,1033.70,1500.00,2549.71,3293.02,1.50
graalvm-native-virtualThreads,64,32,1905,1905,0,0,170,194,939.96,67,26,285,58,104,172,191,2.03,816.30,1259.00,3085.03,3887.27,1.49
graalvm-native-virtualThreads,64,64,381,381,0,0,303,460,137.25,377,13,1056,328,724,848,1054,2.78,425.77,496.00,2839.84,3338.87,1.49
graalvm-native-virtualThreads,64,128,347,347,0,0,557,860,129.06,394,125,964,378,600,606,825,2.69,896.46,1243.00,5151.57,6893.51,1.50
graalvm-native-virtualThreads,128,1,84370,84370,0,0,55,58,42026.43,3,0,58,2,4,5,16,2.01,843.10,1222.00,1396.40,2034.95,1.51
graalvm-native-virtualThreads,128,16,3865,3865,0,0,167,191,1910.66,66,17,207,61,93,174,188,2.02,801.10,1252.00,3190.49,4079.61,1.50
graalvm-native-virtualThreads,128,32,1590,1590,0,0,286,314,765.97,163,69,311,147,230,284,308,2.08,761.70,1200.00,4248.88,6297.47,1.51
graalvm-native-virtualThreads,128,64,732,732,0,0,496,814,265.84,374,77,1223,312,545,741,945,2.75,813.62,1138.00,5089.36,6863.28,1.50
graalvm-native-virtualThreads,128,128,371,371,0,0,922,1773,124.48,915,664,1843,910,1050,1085,1598,2.98,910.93,1336.00,5794.56,8185.17,1.50
graalvm-native-virtualThreads,256,1,80846,80846,0,0,66,81,40162.85,6,0,106,4,10,13,31,2.01,910.60,1318.00,1733.72,2404.71,1.50
graalvm-native-virtualThreads,256,16,3615,3615,0,0,255,300,1753.74,143,52,298,138,189,292,295,2.06,800.00,1274.00,3852.06,5203.07,1.49
graalvm-native-virtualThreads,256,32,1536,1536,0,0,434,528,710.22,350,200,525,351,473,477,479,2.16,802.30,1200.00,4827.10,7011.95,1.50
graalvm-native-virtualThreads,256,64,741,741,0,0,724,1414,234.53,819,379,1610,801,1069,1259,1379,3.16,1079.53,1419.00,6214.24,8243.96,1.49
graalvm-native-virtualThreads,256,128,476,476,0,0,1456,2686,98.73,1976,1452,2934,1889,2421,2529,2754,4.82,1211.96,1660.00,7021.84,8500.89,1.50
graalvm-native-virtualThreads,512,1,84100,84100,0,0,113,129,41743.14,12,0,130,9,19,27,67,2.01,814.40,1222.00,2309.79,2926.91,1.50
graalvm-native-virtualThreads,512,16,3210,3210,0,0,370,505,1474.16,332,121,500,335,485,490,494,2.18,561.21,917.00,4648.66,6859.00,3.00
graalvm-native-virtualThreads,512,32,1536,1536,0,0,700,975,610.59,785,463,1145,823,965,986,1078,2.52,827.17,1273.00,5254.03,7879.00,1.50
graalvm-native-virtualThreads,512,64,976,976,0,0,1204,2562,207.81,1897,1200,3078,1795,2458,2615,2884,4.70,1203.65,1643.00,6865.89,8476.39,1.50
graalvm-native-virtualThreads,1024,1,78959,78959,3,0,161,187,39120.20,25,0,194,20,43,52,161,2.02,773.60,1182.00,2657.29,3720.14,1.49
graalvm-native-virtualThreads,1024,16,3076,3076,1,0,651,956,1293.48,741,394,1180,731,972,1010,1115,2.38,812.27,1245.00,5137.38,7630.33,1.50
graalvm-native-virtualThreads,1024,32,1974,1974,0,0,1202,2504,498.87,1804,1196,2498,1802,2097,2250,2377,3.96,1194.74,1711.00,6423.03,8488.20,1.52
graalvm-native-virtualThreads,2048,1,72127,72127,0,0,158,236,35331.06,57,0,272,47,87,98,215,2.04,736.90,1111.00,3216.60,4465.04,1.51
graalvm-native-virtualThreads,2048,16,2914,2914,21,0,1219,2893,865.06,1982,902,3217,1743,2897,2905,3154,3.39,1049.12,1602.00,5528.75,7454.27,1.52
graalvm-native-virtualThreads,4096,1,58130,58130,0,0,272,418,27228.62,146,0,418,131,249,326,398,2.13,697.20,1122.00,3585.04,5674.67,1.50
graalvm-native-virtualThreads,4096,16,4096,4096,23,0,2124,6335,649.52,4722,2115,6334,5102,5997,6223,6324,6.34,1535.42,2178.00,6443.32,8485.39,1.50
graalvm-native-virtualThreads,8192,1,48355,48355,14,0,198,643,20867.31,368,0,797,346,514,636,737,2.32,791.27,1221.00,4349.52,6933.76,1.51
graalvm-native-virtualThreads,8192,16,1856,1856,25,0,3430,7005,148.02,5689,3419,8631,5852,6753,6791,6946,7.01,1595.20,2290.00,6548.08,8472.71,1.53
graalvm-native-virtualThreads,16384,1,36518,36518,0,0,336,1266,14021.58,1029,0,2354,1061,1355,1426,1503,2.60,951.54,1439.00,4404.55,6438.65,1.50
graalvm-native-virtualThreads,16384,16,8261,2486,5957,0,2839,17009,336.45,10090,2822,18739,9974,15303,15756,16474,17.01,2241.88,2729.00,7373.30,8525.38,1.55
graalvm-native-virtualThreads,32768,1,32774,32774,0,0,1885,5735,5680.82,4467,1851,5710,4271,5346,5493,5699,5.77,1600.70,2219.00,3747.02,7470.16,1.50
go-fasthttp-maxprocs1,32,1,306414,306414,0,0,2,24,151483.36,0,0,206,0,0,0,0,2.02,401.60,590.00,40.77,42.34,1.63
go-fasthttp-maxprocs1,32,16,49469,49469,0,0,97,100,24680.51,1,0,205,1,1,1,2,2.00,536.50,831.00,95.86,100.96,1.63
go-fasthttp-maxprocs1,32,32,26632,26632,0,0,151,154,13293.86,2,1,156,2,2,2,3,2.00,588.50,908.00,136.50,164.18,1.63
go-fasthttp-maxprocs1,32,64,10704,10704,0,0,203,221,5336.09,5,1,221,5,6,6,7,2.01,488.41,797.00,213.70,235.41,1.61
go-fasthttp-maxprocs1,32,128,3508,3508,0,0,281,306,1746.66,18,3,309,15,17,18,20,2.01,357.70,608.00,359.39,387.43,1.61
go-fasthttp-maxprocs1,64,1,422025,422025,0,0,26,44,207546.22,0,0,209,0,0,0,0,2.03,425.80,624.00,49.11,50.55,1.61
go-fasthttp-maxprocs1,64,16,54684,54684,0,0,136,160,27241.13,2,0,167,2,2,3,4,2.01,551.80,870.00,149.25,180.94,1.58
go-fasthttp-maxprocs1,64,32,22351,22351,0,0,202,215,11144.20,5,1,215,5,6,7,8,2.01,488.50,796.00,222.80,247.38,1.62
go-fasthttp-maxprocs1,64,64,6959,6959,0,0,295,307,3463.55,18,7,307,15,19,20,25,2.01,362.22,613.00,358.76,383.43,1.61
go-fasthttp-maxprocs1,64,128,1795,1795,0,0,460,485,886.74,71,24,482,57,67,73,469,2.02,196.82,348.00,636.84,685.32,1.61
go-fasthttp-maxprocs1,128,1,474444,474444,0,0,47,73,227289.68,0,0,208,0,0,1,1,2.09,425.10,618.00,61.70,64.52,1.61
go-fasthttp-maxprocs1,128,16,47068,47068,0,0,194,201,23465.22,5,0,214,4,7,8,10,2.01,515.04,828.00,223.04,251.77,1.62
go-fasthttp-maxprocs1,128,32,14307,14307,0,0,283,296,7121.88,17,3,300,15,21,23,29,2.01,378.97,633.00,355.11,385.20,1.61
go-fasthttp-maxprocs1,128,64,4075,4075,0,0,417,449,2013.76,63,18,462,51,62,67,441,2.02,232.96,411.00,646.28,699.40,1.61
go-fasthttp-maxprocs1,128,128,1325,1325,0,0,719,815,644.86,196,55,815,141,174,740,801,2.05,163.20,301.00,1131.66,1328.66,1.61
go-fasthttp-maxprocs1,256,1,487834,487834,0,0,24,36,237708.23,0,0,206,0,1,2,3,2.05,445.60,629.00,88.45,94.95,1.61
go-fasthttp-maxprocs1,256,16,32618,32618,0,0,273,285,16239.62,15,0,295,13,19,21,29,2.01,414.90,693.00,359.38,389.15,1.61
go-fasthttp-maxprocs1,256,32,10586,10586,0,0,417,446,5243.88,48,5,456,39,48,52,434,2.02,297.59,529.00,636.66,698.31,1.61
go-fasthttp-maxprocs1,256,64,3276,3276,0,0,709,788,1600.07,158,45,790,110,131,739,771,2.05,184.98,364.00,1121.64,1330.95,1.61
go-fasthttp-maxprocs1,256,128,863,863,0,0,1319,1503,409.40,610,107,1503,305,1443,1461,1482,2.11,143.57,295.00,1848.20,2609.16,1.61
go-fasthttp-maxprocs1,512,1,501226,501226,0,0,104,107,239301.12,2,0,209,1,4,5,8,2.09,431.34,653.00,116.84,129.53,1.61
go-fasthttp-maxprocs1,512,16,21913,21913,0,0,452,479,10856.56,46,1,505,36,50,55,472,2.02,300.40,545.00,622.43,693.73,1.62
go-fasthttp-maxprocs1,512,32,6683,6683,0,0,706,789,3265.72,155,5,811,109,138,727,788,2.05,190.81,376.00,1125.63,1340.89,1.60
go-fasthttp-maxprocs1,512,64,1612,1612,0,0,1379,1582,775.86,652,77,1600,299,1513,1538,1562,2.08,157.23,327.00,1834.58,2613.15,1.60
go-fasthttp-maxprocs1,512,128,512,512,0,0,6621,6707,76.32,6665,6617,6705,6656,6698,6700,6700,6.71,1013.38,1767.00,3318.24,5058.38,1.59
go-fasthttp-maxprocs1,1024,1,479009,479009,0,0,79,96,216988.89,4,0,351,2,9,13,21,2.21,451.23,655.00,187.28,212.82,1.61
go-fasthttp-maxprocs1,1024,16,13620,13620,0,0,679,767,6657.48,152,0,837,108,148,727,783,2.05,194.74,379.00,1157.36,1357.60,1.62
go-fasthttp-maxprocs1,1024,32,3265,3265,0,0,1400,1602,1560.93,648,15,1665,297,1551,1583,1616,2.09,174.80,359.00,1823.93,2605.15,1.62
go-fasthttp-maxprocs1,1024,64,1024,1024,1,0,5971,6121,167.41,6070,5966,6120,6058,6114,6115,6118,6.12,1047.15,1864.00,3276.78,4993.99,1.62
go-fasthttp-maxprocs1,2048,1,388320,388320,4,0,207,215,190029.21,10,0,400,6,23,32,69,2.04,336.56,560.00,301.00,330.67,1.62
go-fasthttp-maxprocs1,2048,16,8128,8128,0,0,1232,1426,3839.40,523,2,1550,284,1386,1428,1479,2.12,157.75,315.00,1799.34,2495.78,1.62
go-fasthttp-maxprocs1,2048,32,2048,2048,0,0,6247,6390,320.38,6329,6238,6388,6328,6385,6386,6387,6.39,1040.80,1812.00,3210.16,4827.29,1.62
go-fasthttp-maxprocs1,4096,1,395627,395627,16,0,269,290,192478.32,20,0,1410,4,30,44,268,2.06,351.12,576.00,433.12,513.95,1.65
go-fasthttp-maxprocs1,4096,16,4096,4096,25,0,5891,6130,671.71,6028,5882,6126,6030,6115,6122,6126,6.14,1061.66,1858.00,3082.43,4764.29,1.62
go-fasthttp-maxprocs1,8192,1,344164,344164,0,0,315,357,163873.85,48,0,1597,2,89,125,1105,2.10,334.77,550.00,667.17,786.07,1.63
go-fasthttp-maxprocs1,8192,16,8192,8192,23,0,6183,6828,1201.00,6655,6153,6826,6726,6814,6817,6821,6.84,1136.56,1845.00,2986.22,4561.63,1.64
go-fasthttp-maxprocs1,16384,1,405752,405752,47,0,199,348,174220.80,86,0,2296,1,17,415,2024,2.33,382.21,573.00,605.04,982.29,1.64
go-fasthttp-maxprocs1,16384,16,16384,16384,141,0,5779,7034,2345.09,6614,5747,7026,6617,6995,7008,7019,7.05,1250.23,1930.00,2563.78,4011.83,1.66
go-fasthttp-maxprocs1,32768,1,83131,83131,81,0,175,821,30116.74,946,0,2707,391,2339,2449,2536,2.76,514.38,910.00,551.94,1010.74,1.67
go-fasthttp-maxprocs1,32768,16,32685,32685,270,0,5324,15114,2175.97,10389,5274,15103,9815,14983,15055,15085,15.14,1442.05,2271.00,2168.85,2976.36,1.71
go-fasthttp,32,1,308229,308229,0,0,2,34,152024.21,0,0,209,0,0,0,0,2.03,386.70,571.00,47.12,48.53,1.70
go-fasthttp,32,16,48502,48502,0,0,85,86,24186.42,1,0,213,1,1,1,2,2.01,485.90,786.00,93.15,109.16,1.71
go-fasthttp,32,32,27056,27056,0,0,118,120,13501.62,2,1,119,2,2,2,3,2.00,563.40,868.00,145.74,172.33,1.72
go-fasthttp,32,64,11276,11276,0,0,161,163,5623.24,5,3,162,5,5,6,7,2.01,509.02,798.00,223.81,249.58,1.69
go-fasthttp,32,128,3841,3841,0,0,199,207,1911.39,16,9,205,15,16,17,19,2.01,396.11,631.00,369.15,385.61,1.70
go-fasthttp,64,1,422928,422928,0,0,44,45,207895.56,0,0,208,0,0,0,0,2.03,405.40,601.00,55.78,58.35,1.70
go-fasthttp,64,16,56375,56375,0,0,119,121,28113.66,2,0,130,2,2,3,3,2.01,551.70,848.00,141.37,169.98,1.70
go-fasthttp,64,32,23358,23358,0,0,170,174,11650.47,5,1,213,5,6,6,8,2.00,499.41,788.00,223.34,245.75,1.70
go-fasthttp,64,64,7785,7785,0,0,197,206,3875.80,16,6,206,14,18,19,23,2.01,405.44,645.00,366.03,383.46,1.70
go-fasthttp,64,128,2082,2082,0,0,276,280,1029.58,61,22,280,55,64,68,278,2.02,245.04,387.00,669.01,687.64,1.68
go-fasthttp,128,1,507949,507949,0,0,55,56,248611.55,0,0,57,0,0,1,1,2.04,432.40,640.00,68.13,73.00,1.69
go-fasthttp,128,16,47134,47134,0,0,158,162,23498.55,5,0,210,4,7,8,10,2.01,516.46,807.00,226.67,243.63,1.69
go-fasthttp,128,32,15045,15045,0,0,204,208,7491.13,16,2,207,15,20,22,28,2.01,403.06,640.00,371.85,389.39,1.68
go-fasthttp,128,64,4485,4485,0,0,266,295,2218.96,57,20,295,51,61,65,276,2.02,285.26,449.00,681.37,694.22,1.69
go-fasthttp,128,128,1646,1646,0,0,447,491,800.54,158,58,486,136,163,457,473,2.06,238.33,369.00,1213.83,1306.51,1.68
go-fasthttp,256,1,470854,470854,0,0,69,73,231295.44,1,0,205,0,1,2,4,2.04,350.32,577.00,88.20,99.38,1.69
go-fasthttp,256,16,32928,32928,0,0,190,199,16384.00,15,1,216,13,20,22,29,2.01,435.60,687.00,382.69,399.88,1.70
go-fasthttp,256,32,11200,11200,0,0,273,303,5547.19,45,7,317,40,50,54,295,2.02,341.60,549.00,682.91,707.82,1.70
go-fasthttp,256,64,3866,3866,0,0,413,512,1887.27,134,47,512,113,132,417,492,2.05,270.08,432.00,1233.99,1326.84,1.69
go-fasthttp,256,128,1354,1354,0,0,732,850,642.24,388,108,845,317,748,765,792,2.11,244.89,373.00,2249.84,2607.25,1.71
go-fasthttp,512,1,455715,455715,0,0,99,109,214655.08,2,0,205,1,4,6,12,2.12,397.81,572.00,125.84,134.20,1.70
go-fasthttp,512,16,23726,23726,0,0,282,301,11754.19,43,1,348,37,51,56,314,2.02,353.83,572.00,677.41,716.22,1.70
go-fasthttp,512,32,8186,8186,0,0,393,477,3999.73,126,24,492,108,133,405,454,2.05,278.54,446.00,1253.27,1334.81,1.70
go-fasthttp,512,64,2862,2862,0,0,758,925,1349.04,371,120,919,295,787,812,856,2.12,272.86,407.00,2213.01,2579.79,1.70
go-fasthttp,512,128,512,512,0,0,4526,4738,108.04,4717,4519,4732,4722,4727,4728,4730,4.74,1153.07,1850.00,3314.60,4699.76,1.70
go-fasthttp,1024,1,473814,473814,0,0,121,136,229970.70,4,0,378,2,9,12,20,2.06,399.85,615.00,184.48,192.46,1.70
go-fasthttp,1024,16,16124,16124,1,0,428,499,7876.85,128,0,553,108,145,446,510,2.05,268.01,437.00,1255.56,1361.34,1.71
go-fasthttp,1024,32,5420,5420,2,0,816,1057,2582.70,389,96,1059,296,848,885,998,2.10,318.61,465.00,2251.72,2599.66,1.69
go-fasthttp,1024,64,1024,1024,0,0,4511,4718,216.94,4703,4503,4718,4708,4713,4714,4716,4.72,1180.54,1862.00,3224.25,4701.41,1.70
go-fasthttp,2048,1,406914,406914,0,0,165,172,199785.47,10,0,828,3,21,29,72,2.04,344.36,555.00,294.10,333.12,1.69
go-fasthttp,2048,16,9803,9803,3,0,929,1162,4627.56,434,105,1213,300,1040,1094,1144,2.12,375.05,528.00,2254.00,2603.74,1.70
go-fasthttp,2048,32,2048,2048,0,0,4281,4839,422.99,4817,4276,4838,4824,4837,4837,4838,4.84,1212.68,1879.00,3246.62,4727.75,1.70
go-fasthttp,4096,1,445925,445925,1,0,228,240,216042.02,18,0,2057,3,15,22,52,2.06,382.84,611.00,430.32,485.52,1.70
go-fasthttp,4096,16,4096,4096,30,0,6169,7009,7.70,6854,6162,7592,6956,6989,7004,7004,7.01,1349.35,2248.00,3358.59,4844.49,1.71
go-fasthttp,8192,1,387508,387508,2,0,164,339,184882.02,43,0,2079,9,40,80,1609,2.10,345.85,566.00,654.61,761.41,1.69
go-fasthttp,8192,16,8192,8192,20,0,6761,7012,7.99,6852,6723,9484,6861,6983,6983,6999,7.01,1391.33,2376.00,3188.03,4674.55,1.72
go-fasthttp,16384,1,196561,196561,22,0,227,467,89850.28,172,0,1424,173,373,519,695,2.19,250.24,406.00,496.14,549.32,1.70
go-fasthttp,16384,16,16384,16384,148,0,5587,9343,1766.58,8744,5555,9337,9216,9315,9322,9329,9.36,1566.46,2351.00,2884.19,4110.05,1.76
go-fasthttp,32768,1,88812,88812,98,0,186,730,17675.78,1226,0,4992,533,3929,4561,4972,5.03,998.17,1712.00,1322.82,1729.30,1.75
go-fasthttp,32768,16,32617,31312,1592,0,5309,16682,1968.58,11865,5250,16678,11668,16558,16646,16674,16.71,1351.64,2147.00,2464.30,3241.17,1.80
graalvm-native-fixedThreads24,32,1,66313,66313,0,0,23,24,33017.52,0,0,209,0,1,2,7,2.01,665.20,1011.00,1130.53,1514.06,1.77
graalvm-native-fixedThreads24,32,16,2356,2356,0,0,101,122,1132.96,27,6,142,15,96,110,121,2.08,717.30,1143.00,1713.44,2082.05,1.80
graalvm-native-fixedThreads24,32,32,1881,1881,0,0,127,149,920.20,34,15,180,27,49,67,154,2.04,673.60,1037.00,2349.77,3038.70,1.78
graalvm-native-fixedThreads24,32,64,181,181,0,0,185,417,69.33,408,13,1256,423,840,849,1256,2.61,140.92,150.00,1019.83,1101.90,1.76
graalvm-native-fixedThreads24,32,128,161,161,0,0,322,516,57.00,454,32,1334,451,864,907,1315,2.82,319.29,370.00,2460.83,3042.71,1.74
graalvm-native-fixedThreads24,64,1,87538,87538,0,0,43,43,43496.29,1,0,203,1,1,2,6,2.01,677.50,983.00,1331.64,2002.18,1.75
graalvm-native-fixedThreads24,64,16,4210,4210,0,0,125,127,2074.68,30,10,196,23,45,66,167,2.03,865.90,1290.00,2728.90,3387.74,1.75
graalvm-native-fixedThreads24,64,32,1860,1860,0,0,170,188,913.11,69,26,188,61,110,132,183,2.04,700.00,1092.00,3326.78,4141.90,1.75
graalvm-native-fixedThreads24,64,64,384,384,0,0,284,432,136.16,385,13,1469,310,845,853,1263,2.82,383.14,438.00,3032.51,3441.54,1.75
graalvm-native-fixedThreads24,64,128,352,352,0,0,541,587,126.53,393,183,1034,375,576,581,817,2.78,762.92,1061.00,5306.36,6742.00,1.74
graalvm-native-fixedThreads24,128,1,84501,84501,0,0,25,32,42061.40,3,0,211,2,4,5,15,2.01,782.80,1125.00,1435.19,2050.64,1.76
graalvm-native-fixedThreads24,128,16,3697,3697,0,0,158,195,1808.15,70,22,194,69,98,122,190,2.04,708.40,1100.00,3562.43,4647.14,1.75
graalvm-native-fixedThreads24,128,32,1663,1663,0,0,278,307,803.07,156,60,307,149,200,279,302,2.07,679.30,1071.00,4268.29,5988.39,1.75
graalvm-native-fixedThreads24,128,64,760,760,0,0,481,784,242.98,395,124,1235,325,585,751,967,3.13,762.27,1027.00,5609.02,7047.83,1.76
graalvm-native-fixedThreads24,128,128,374,374,0,0,932,1673,109.58,921,631,1673,936,1043,1057,1548,3.41,1017.88,1381.00,6345.00,8218.64,1.75
graalvm-native-fixedThreads24,256,1,82788,82788,0,0,69,80,40586.13,6,0,270,4,10,13,45,2.04,751.00,1124.00,1812.46,2424.89,1.74
graalvm-native-fixedThreads24,256,16,3426,3426,0,0,268,339,1621.73,154,38,334,150,203,291,300,2.11,670.40,1097.00,4138.78,5827.50,1.75
graalvm-native-fixedThreads24,256,32,1545,1545,0,0,427,532,723.79,340,134,526,333,477,479,484,2.13,658.70,1013.00,5015.47,7249.58,1.76
graalvm-native-fixedThreads24,256,64,737,737,0,0,762,1468,228.08,811,431,1677,807,1023,1142,1353,3.23,787.94,1073.00,6318.83,8207.25,1.75
graalvm-native-fixedThreads24,256,128,465,465,0,0,1561,2722,84.75,2115,1557,3507,1988,2536,2770,3282,5.49,1147.19,1563.00,7301.08,8501.58,1.75
graalvm-native-fixedThreads24,512,1,81429,81429,0,0,100,118,40409.74,12,0,118,9,21,27,47,2.02,727.90,1078.00,2399.59,3212.07,1.76
graalvm-native-fixedThreads24,512,16,3305,3305,0,0,379,503,1506.67,322,147,520,315,478,487,494,2.19,668.70,1042.00,4754.91,6849.32,1.75
graalvm-native-fixedThreads24,512,32,1536,1536,0,0,747,995,610.64,796,424,1187,830,950,982,1075,2.52,728.67,1126.00,5436.00,7899.66,1.75
graalvm-native-fixedThreads24,512,64,924,924,0,0,1178,2547,211.91,1788,1148,2933,1727,2260,2302,2546,4.36,1034.71,1457.00,6776.90,8480.75,1.76
graalvm-native-fixedThreads24,1024,1,76020,76020,0,0,133,162,37668.05,27,1,160,21,44,53,131,2.02,668.00,1012.00,2679.74,3539.34,1.75
graalvm-native-fixedThreads24,1024,16,3072,3072,1,0,677,921,1260.97,753,366,1132,770,1008,1042,1105,2.44,865.50,1275.00,5332.49,7456.21,1.76
graalvm-native-fixedThreads24,1024,32,1550,1550,1,0,1128,2719,439.70,1856,1119,2720,1889,2372,2429,2709,3.53,971.06,1490.00,6015.54,8484.00,1.75
graalvm-native-fixedThreads24,2048,1,76683,76683,0,0,141,229,37485.58,53,0,276,45,83,96,206,2.05,669.00,1014.00,3285.21,4446.91,1.76
graalvm-native-fixedThreads24,2048,16,3427,3427,0,0,1485,3013,833.92,1964,1184,3107,1733,2459,2615,2826,4.11,1049.25,1603.00,6323.70,8482.85,1.75
graalvm-native-fixedThreads24,4096,1,57873,57873,0,0,266,391,27785.35,143,0,445,137,198,311,391,2.08,625.50,979.00,3852.18,5698.58,1.77
graalvm-native-fixedThreads24,4096,16,4111,4111,20,0,1938,6339,650.45,4711,258,6341,4932,6031,6156,6331,6.35,1402.48,2019.00,6486.67,8487.15,1.77
graalvm-native-fixedThreads24,8192,1,45815,45815,3,0,355,664,20448.42,377,0,810,334,616,656,765,2.24,679.36,1039.00,4536.04,6864.91,1.76
graalvm-native-fixedThreads24,8192,16,2050,2050,56,0,3707,7005,147.30,5717,3695,9367,5820,6753,6776,6906,7.01,1543.38,2381.00,6496.53,8473.73,1.80
graalvm-native-fixedThreads24,16384,1,39159,39159,0,0,235,1219,13975.26,1008,0,1874,1109,1324,1440,1653,2.80,854.79,1280.00,4840.34,6969.00,1.77
graalvm-native-fixedThreads24,16384,16,7018,3785,3364,0,2634,17010,281.89,9727,2610,19407,9651,14252,14971,16864,17.01,2016.68,2622.00,7314.48,8497.53,1.81
graalvm-native-fixedThreads24,32768,1,32830,32830,0,0,978,4587,7119.81,3568,955,4574,3645,4274,4384,4541,4.61,1163.67,1752.00,3419.86,5565.84,1.77
java-fixedThreads24AsyncNIO,32,1,19578,19578,0,0,112,116,9390.72,3,0,223,2,6,9,13,2.08,955.30,1286.00,1190.68,1304.95,2.04
java-fixedThreads24AsyncNIO,32,16,673,673,0,0,204,230,327.08,96,32,230,84,159,190,215,2.06,984.70,1370.00,959.56,1136.95,2.05
java-fixedThreads24AsyncNIO,32,32,1082,1082,0,0,334,368,526.78,60,25,367,47,77,145,360,2.05,908.10,1240.00,1787.41,2695.32,2.03
java-fixedThreads24AsyncNIO,32,64,181,181,0,0,620,772,68.72,404,15,1252,428,846,864,1185,2.63,720.54,795.00,1489.38,1666.23,2.03
java-fixedThreads24AsyncNIO,32,128,113,113,0,0,919,1217,42.19,631,37,1482,673,953,1004,1231,2.68,991.38,1167.00,2279.36,2803.52,2.07
java-fixedThreads24AsyncNIO,64,1,43401,43401,0,0,121,127,21430.83,2,0,210,2,5,6,10,2.03,945.50,1235.00,1250.01,1539.11,2.02
java-fixedThreads24AsyncNIO,64,16,1871,1871,0,0,291,320,917.31,69,31,320,54,90,148,312,2.04,698.20,1014.00,1559.43,2505.27,3.97
java-fixedThreads24AsyncNIO,64,32,1127,1127,0,0,496,579,551.15,114,34,579,85,164,517,548,2.04,1039.20,1387.00,2001.46,2844.36,2.08
java-fixedThreads24AsyncNIO,64,64,294,294,0,0,804,1096,110.85,499,16,1244,438,824,831,1037,2.65,914.23,1142.00,2778.02,3784.82,2.01
java-fixedThreads24AsyncNIO,64,128,128,128,0,0,1468,1680,39.43,1097,516,1751,1477,1498,1503,1719,3.25,1036.56,1319.00,3398.87,4712.07,2.03
java-fixedThreads24AsyncNIO,128,1,40368,40368,0,0,113,126,20094.72,6,0,127,5,10,13,20,2.01,986.50,1295.00,1214.92,1309.66,2.01
java-fixedThreads24AsyncNIO,128,16,2765,2765,0,0,347,505,1347.76,93,31,527,71,141,221,427,2.05,971.90,1317.00,2052.32,2847.42,2.03
java-fixedThreads24AsyncNIO,128,32,990,990,0,0,600,846,463.72,265,43,928,187,689,733,831,2.13,962.90,1320.00,2368.12,3588.54,2.02
java-fixedThreads24AsyncNIO,128,64,359,359,0,0,1103,1639,109.62,858,161,2015,848,1199,1381,1612,3.27,735.69,947.00,3196.54,4134.66,4.00
java-fixedThreads24AsyncNIO,128,128,130,130,0,0,1941,3436,36.48,2203,663,3563,2088,2903,3139,3431,3.56,1109.18,1409.00,3870.00,5121.61,2.04
java-fixedThreads24AsyncNIO,256,1,36764,36764,0,0,173,199,18315.28,13,0,221,10,22,28,59,2.01,957.90,1281.00,1428.66,1850.13,2.04
java-fixedThreads24AsyncNIO,256,16,2162,2162,0,0,495,775,1008.64,244,43,981,194,527,646,775,2.14,954.60,1322.00,2324.10,3523.59,2.03
java-fixedThreads24AsyncNIO,256,32,1001,1001,0,0,869,1327,446.80,543,115,1398,391,1013,1196,1324,2.24,942.73,1298.00,2858.02,4323.18,2.04
java-fixedThreads24AsyncNIO,256,64,468,468,0,0,1352,2304,129.33,1377,434,2836,1459,1907,2209,2440,3.62,814.11,1060.00,4661.14,6783.91,3.93
java-fixedThreads24AsyncNIO,512,1,38352,38352,0,0,162,216,19073.73,26,0,234,17,55,72,163,2.01,1111.30,1443.00,1672.03,2266.57,2.09
java-fixedThreads24AsyncNIO,512,16,2236,2236,0,0,479,1103,956.77,479,6,1582,421,928,1032,1196,2.34,982.00,1320.00,2954.16,4558.95,2.02
java-fixedThreads24AsyncNIO,512,32,1088,1088,0,0,855,1827,423.63,1073,134,2167,1019,1593,1716,1804,2.57,1020.58,1396.00,3521.76,5817.90,2.02
java-fixedThreads24AsyncNIO,512,64,520,520,0,0,1599,4000,120.34,2707,812,4310,2520,3333,3655,4106,4.32,1140.76,1468.00,5917.87,8450.57,2.03
java-fixedThreads24AsyncNIO,1024,1,40026,40026,0,0,178,282,19650.61,51,1,387,38,103,145,235,2.04,971.60,1285.00,1696.23,2139.42,2.09
java-fixedThreads24AsyncNIO,1024,16,2341,2341,0,0,677,1756,928.94,987,25,2381,921,1656,2080,2268,2.52,847.17,1186.00,3369.40,4832.95,3.87
java-fixedThreads24AsyncNIO,1024,32,1294,1294,3,0,1409,3062,369.03,2149,717,3369,2149,3042,3143,3350,3.51,1168.35,1544.00,5197.85,7372.27,2.03
java-fixedThreads24AsyncNIO,2048,1,35263,35263,1,0,218,436,17248.53,116,1,1000,84,239,315,707,2.04,984.60,1318.00,2060.99,2739.39,2.02
java-fixedThreads24AsyncNIO,2048,16,2886,2886,4,0,732,3029,842.15,2077,124,3427,1945,3227,3301,3393,3.43,1318.29,1750.00,4893.11,7253.33,2.10
java-fixedThreads24AsyncNIO,4096,1,29644,29644,2,0,345,763,13320.14,285,2,2175,153,884,1210,1796,2.23,989.36,1306.00,2528.15,3918.46,2.01
java-fixedThreads24AsyncNIO,4096,16,4349,4349,14,0,987,6539,659.55,4671,141,6607,4938,6504,6562,6599,6.62,1497.61,2050.00,6674.14,11135.95,2.02
java-fixedThreads24AsyncNIO,8192,1,30553,30553,3,0,467,1129,12487.03,581,3,2417,270,1879,2111,2252,2.45,1000.33,1315.00,3004.39,4441.34,2.03
java-fixedThreads24AsyncNIO,8192,16,8259,2754,5534,0,936,7016,202.52,4561,711,8820,4556,6502,6777,6969,7.02,1678.06,2272.00,6301.94,8760.89,2.10
java-fixedThreads24AsyncNIO,16384,1,33568,33568,1,0,711,1957,11075.41,1190,3,2992,949,2564,2674,2811,3.03,1059.73,1377.00,4408.20,6609.30,2.05
java-fixedThreads24AsyncNIO,16384,16,16384,3859,12729,0,1408,17019,400.13,12923,1374,19251,14235,16551,16812,16911,17.02,2079.38,2642.00,8967.16,17584.16,2.06
java-fixedThreads24AsyncNIO,32768,1,32768,32768,0,0,3320,6748,4831.44,4772,3248,6682,4873,6131,6367,6465,6.78,1475.75,1948.00,4466.86,7106.54,2.05
graalvm-native-fixedThreads24AsyncNIO,32,1,28922,28922,0,0,34,35,13168.56,2,0,210,0,5,5,7,2.20,769.73,1087.00,594.15,857.57,1.94
graalvm-native-fixedThreads24AsyncNIO,32,16,741,741,0,0,170,181,360.72,87,55,180,83,96,102,179,2.05,820.90,1238.00,527.72,710.28,1.94
graalvm-native-fixedThreads24AsyncNIO,32,32,1201,1201,0,0,140,152,557.41,55,15,266,37,150,190,242,2.15,786.70,1234.00,2622.19,2995.46,1.94
graalvm-native-fixedThreads24AsyncNIO,32,64,195,195,0,0,178,426,65.17,379,13,1437,401,675,847,1230,2.99,130.00,145.00,1013.60,1106.31,1.95
graalvm-native-fixedThreads24AsyncNIO,32,128,164,164,0,0,337,489,54.88,449,32,1282,380,767,867,1101,2.99,327.64,383.00,2947.96,3633.20,1.93
graalvm-native-fixedThreads24AsyncNIO,64,1,87680,87680,0,0,39,41,43670.88,1,0,213,1,1,2,6,2.01,698.40,1000.00,1464.59,2065.80,1.93
graalvm-native-fixedThreads24AsyncNIO,64,16,4085,4085,0,0,138,141,2030.11,31,11,154,22,50,74,139,2.01,652.30,1001.00,2856.04,3498.02,1.93
graalvm-native-fixedThreads24AsyncNIO,64,32,1840,1840,0,0,159,179,908.91,70,26,179,67,108,135,176,2.02,661.70,1008.00,3569.56,4649.76,1.92
graalvm-native-fixedThreads24AsyncNIO,64,64,372,372,0,0,307,479,120.85,388,13,1268,352,653,843,1071,3.08,314.07,349.00,2789.52,3192.73,1.93
graalvm-native-fixedThreads24AsyncNIO,64,128,366,366,0,0,526,859,123.01,399,159,1181,350,579,724,991,2.98,719.50,975.00,5482.86,6904.45,1.93
graalvm-native-fixedThreads24AsyncNIO,128,1,85897,85897,0,0,5,22,42385.29,3,0,52,2,4,5,21,2.03,671.80,994.00,1490.16,2125.68,1.94
graalvm-native-fixedThreads24AsyncNIO,128,16,3697,3697,0,0,139,179,1796.06,70,26,179,65,101,114,173,2.06,648.30,1009.00,3468.08,4477.98,1.94
graalvm-native-fixedThreads24AsyncNIO,128,32,1527,1527,0,0,313,352,713.06,177,67,349,161,234,318,343,2.14,589.30,922.00,4369.95,6522.35,1.97
graalvm-native-fixedThreads24AsyncNIO,128,64,732,732,0,0,486,826,250.46,393,87,1195,345,610,752,916,2.92,677.71,915.00,5570.22,7095.40,1.97
graalvm-native-fixedThreads24AsyncNIO,128,128,364,364,0,0,938,1260,107.55,919,588,1636,933,1056,1081,1613,3.38,890.69,1218.00,6323.81,8227.47,1.93
graalvm-native-fixedThreads24AsyncNIO,256,1,80693,80693,0,0,68,82,40126.45,6,0,213,5,10,13,28,2.01,667.80,977.00,1804.13,2363.49,1.93
graalvm-native-fixedThreads24AsyncNIO,256,16,3552,3552,0,0,284,301,1677.17,148,53,300,137,219,290,294,2.12,628.20,1003.00,3973.72,5491.55,1.93
graalvm-native-fixedThreads24AsyncNIO,256,32,1536,1536,0,0,384,501,715.65,348,163,494,352,479,483,486,2.15,619.40,941.00,5014.32,6864.31,1.92
graalvm-native-fixedThreads24AsyncNIO,256,64,730,730,0,0,812,1430,229.35,822,433,1453,824,1113,1158,1388,3.18,761.33,1031.00,6316.11,8215.28,1.93
graalvm-native-fixedThreads24AsyncNIO,256,128,378,378,0,0,1333,2495,89.01,1835,1269,2505,1947,2079,2129,2483,4.25,951.67,1348.00,6921.66,8480.31,1.92
graalvm-native-fixedThreads24AsyncNIO,512,1,82428,82428,0,0,103,120,40951.35,12,0,121,10,20,24,37,2.01,656.40,970.00,2353.49,3161.79,1.94
graalvm-native-fixedThreads24AsyncNIO,512,16,3409,3409,0,0,391,554,1526.92,324,122,546,303,499,504,510,2.23,646.18,1002.00,5027.29,6846.18,1.95
graalvm-native-fixedThreads24AsyncNIO,512,32,1536,1536,0,0,669,958,632.66,765,371,1210,775,929,952,1055,2.43,737.33,1097.00,5635.26,7776.08,1.93
graalvm-native-fixedThreads24AsyncNIO,512,64,954,954,0,0,1184,2623,206.66,1911,1177,3237,1861,2439,2577,2970,4.62,1012.70,1397.00,6960.62,8489.44,1.93
graalvm-native-fixedThreads24AsyncNIO,1024,1,81835,81835,0,0,156,178,40482.73,25,2,190,20,39,47,153,2.02,723.30,1069.00,2764.42,3700.35,1.93
graalvm-native-fixedThreads24AsyncNIO,1024,16,2998,2998,1,0,707,999,1263.53,758,300,1310,799,1030,1104,1180,2.37,641.73,1018.00,5055.17,7089.55,1.93
graalvm-native-fixedThreads24AsyncNIO,1024,32,1748,1748,3,0,1107,2558,465.86,1833,1099,2855,1864,2283,2359,2508,3.76,933.28,1423.00,6272.45,8485.23,1.92
graalvm-native-fixedThreads24AsyncNIO,2048,1,68746,68746,0,0,184,263,33754.51,59,3,282,48,89,98,244,2.04,590.70,900.00,3243.11,4365.76,1.93
graalvm-native-fixedThreads24AsyncNIO,2048,16,3205,3205,0,0,1220,2838,867.00,1878,1213,3133,1687,2553,2680,2908,3.70,963.17,1492.00,6105.77,8356.81,1.93
graalvm-native-fixedThreads24AsyncNIO,4096,1,62290,62290,1,0,238,370,29556.46,135,1,412,130,178,283,372,2.11,689.20,1037.00,3806.68,5688.30,1.93
graalvm-native-fixedThreads24AsyncNIO,4096,16,4096,4096,28,0,2256,6692,615.33,4992,2250,6696,5433,6488,6507,6674,6.70,1342.42,1951.00,6630.32,8491.41,1.94
graalvm-native-fixedThreads24AsyncNIO,8192,1,47183,47183,0,0,245,640,20343.65,372,0,720,330,530,610,689,2.32,633.64,971.00,4568.59,6872.50,1.94
graalvm-native-fixedThreads24AsyncNIO,8192,16,2273,2273,40,0,3220,7007,201.93,5530,3207,9253,5691,6894,6903,6977,7.01,1423.15,2311.00,6580.31,8477.56,1.96
graalvm-native-fixedThreads24AsyncNIO,16384,1,37146,37146,0,0,336,1356,14054.28,1015,0,1748,1077,1314,1342,1433,2.64,791.00,1215.00,4525.25,6629.65,1.95
graalvm-native-fixedThreads24AsyncNIO,16384,16,9426,2138,7423,0,3819,17010,367.60,9813,3796,19658,9560,13513,15052,16299,17.01,1916.05,2521.00,7473.41,8525.73,1.99
graalvm-native-fixedThreads24AsyncNIO,32768,1,32792,32792,0,0,1845,5857,5568.73,4682,1821,5830,4585,5383,5542,5795,5.89,1182.63,1760.00,3978.83,7411.86,1.95
graalvm-native-fixedThreads1024,32,1,31313,31313,0,0,24,25,15597.12,2,0,208,0,5,6,7,2.01,678.00,996.00,608.16,878.19,2.03
graalvm-native-fixedThreads1024,32,16,890,890,0,0,111,114,432.07,73,11,116,85,98,106,113,2.06,799.60,1207.00,682.07,907.13,2.07
graalvm-native-fixedThreads1024,32,32,1430,1430,0,0,140,142,663.60,47,15,246,34,112,152,181,2.15,623.70,1004.00,2726.56,3111.76,2.05
graalvm-native-fixedThreads1024,32,64,160,160,0,0,185,656,61.50,465,13,1256,431,848,1032,1255,2.60,118.49,129.00,1034.11,1155.45,2.03
graalvm-native-fixedThreads1024,32,128,165,165,0,0,323,648,62.02,435,34,1332,446,865,893,1306,2.66,279.08,335.00,2737.48,3487.98,2.03
graalvm-native-fixedThreads1024,64,1,86529,86529,0,0,40,41,43039.94,1,0,211,1,2,2,5,2.01,625.20,901.00,1360.16,1907.46,2.01
graalvm-native-fixedThreads1024,64,16,4006,4006,0,0,125,129,1992.86,31,8,168,25,50,66,142,2.01,619.10,939.00,2840.89,3645.21,2.01
graalvm-native-fixedThreads1024,64,32,1927,1927,0,0,167,195,949.45,67,27,261,61,90,168,191,2.03,615.80,953.00,3222.83,3932.45,2.02
graalvm-native-fixedThreads1024,64,64,307,307,0,0,278,706,113.73,469,13,1472,432,849,946,1105,2.70,234.15,258.00,1872.98,2110.46,1.99
graalvm-native-fixedThreads1024,64,128,306,306,0,0,546,725,113.30,435,145,1162,397,590,664,909,2.70,694.23,922.00,5463.60,6870.27,1.94
graalvm-native-fixedThreads1024,128,1,84182,84182,0,0,57,59,41665.52,3,0,207,2,4,5,22,2.02,745.80,1083.00,1383.21,1966.10,1.93
graalvm-native-fixedThreads1024,128,16,3624,3624,0,0,159,192,1779.40,71,27,191,68,98,111,185,2.04,638.20,995.00,3550.94,4428.07,1.94
graalvm-native-fixedThreads1024,128,32,1657,1657,0,0,265,294,788.86,159,98,293,148,200,262,287,2.10,610.00,961.00,4380.60,5846.17,2.13
graalvm-native-fixedThreads1024,128,64,776,776,0,0,477,852,270.53,375,172,1213,327,525,607,966,2.87,711.29,976.00,5598.32,6987.85,1.92
graalvm-native-fixedThreads1024,128,128,364,364,0,0,953,1107,101.76,918,575,1817,942,1053,1072,1612,3.58,790.59,1094.00,6435.32,8263.68,1.94
graalvm-native-fixedThreads1024,256,1,83975,83975,0,0,70,83,41728.47,6,0,215,4,9,12,32,2.01,680.20,1003.00,1883.43,2520.75,1.92
graalvm-native-fixedThreads1024,256,16,3546,3546,2,0,257,314,1707.45,147,45,313,140,196,301,307,2.08,617.30,986.00,3886.76,5072.77,1.93
graalvm-native-fixedThreads1024,256,32,1545,1545,0,0,402,527,700.99,353,197,525,338,479,485,520,2.20,644.27,953.00,5319.53,7392.45,1.93
graalvm-native-fixedThreads1024,256,64,746,746,0,0,815,1460,236.56,818,469,1491,830,966,1101,1297,3.15,762.40,1026.00,6273.53,8109.86,1.92
graalvm-native-fixedThreads1024,256,128,447,447,0,0,1323,2684,98.89,1879,1316,3030,1913,2138,2352,2526,4.52,970.50,1365.00,6985.60,8479.33,1.94
graalvm-native-fixedThreads1024,512,1,84357,84357,0,0,104,110,41820.34,12,0,213,9,20,26,42,2.02,654.20,968.00,2409.74,3252.91,1.93
graalvm-native-fixedThreads1024,512,16,3371,3371,0,0,405,547,1526.17,323,127,539,312,473,485,488,2.21,683.27,1028.00,5024.11,6795.64,1.93
graalvm-native-fixedThreads1024,512,32,1536,1536,0,0,674,949,616.43,775,460,1187,817,941,996,1083,2.49,754.75,1125.00,5606.94,7829.43,1.94
graalvm-native-fixedThreads1024,512,64,942,942,0,0,1181,2469,212.46,1822,1176,2860,1824,2217,2372,2679,4.43,999.23,1385.00,6903.39,8483.06,1.94
graalvm-native-fixedThreads1024,1024,1,85918,85918,0,0,132,155,42646.43,23,0,162,18,39,47,132,2.01,641.90,953.00,2912.19,3768.98,1.92
graalvm-native-fixedThreads1024,1024,16,3072,3072,0,0,691,971,1269.75,759,295,1195,802,955,987,1070,2.42,677.25,1008.00,5481.34,7643.20,1.94
graalvm-native-fixedThreads1024,1024,32,122,122,0,0,1098,2748,44.39,1271,1090,1361,1285,1357,1359,1361,2.75,395.77,505.00,4329.64,6275.32,3.89
graalvm-native-fixedThreads1024,2048,1,70701,70701,0,0,175,258,34616.35,58,5,258,50,84,92,238,2.04,595.80,919.00,3349.02,4430.98,1.92
graalvm-native-fixedThreads1024,2048,16,3238,3238,1,0,1357,2660,853.33,1895,764,3341,1823,2614,2640,2936,3.80,930.28,1465.00,6014.09,8134.18,1.93
graalvm-native-fixedThreads1024,4096,1,55281,55281,1,0,240,366,26427.48,152,0,415,147,193,286,361,2.09,573.70,874.00,3868.80,5639.77,2.00
graalvm-native-fixedThreads1024,4096,16,4096,4096,20,0,2641,6594,623.61,5094,2635,6594,5272,6313,6449,6588,6.60,1314.67,1919.00,6618.89,8491.85,1.97
graalvm-native-fixedThreads1024,8192,1,49266,49266,1,0,328,666,21256.49,361,0,747,341,534,640,711,2.32,616.73,973.00,4453.74,6875.91,1.95
graalvm-native-fixedThreads1024,8192,16,1925,1925,31,0,3402,7010,154.35,5438,3385,9979,5440,6722,6805,6955,7.01,1362.86,2264.00,6511.34,8475.76,1.97
graalvm-native-fixedThreads1024,16384,1,36301,36301,0,0,359,1458,13621.05,1058,0,1973,1084,1311,1403,1451,2.67,777.38,1235.00,4375.15,6377.49,1.85
graalvm-native-fixedThreads1024,16384,16,9168,2072,7242,0,5681,17012,391.12,11662,5655,19425,11748,16226,16623,16810,17.01,1983.03,2528.00,7348.74,8495.89,1.89
graalvm-native-fixedThreads1024,32768,1,33440,33440,0,0,763,3350,9801.17,2637,33,3375,2717,3158,3242,3321,3.41,933.25,1445.00,2563.36,4249.34,1.84
